Symbol,Security,GICS Sector,Date Added,Date Removed,Reason
A,Agilent Technologies,Health Care,2000-06-05,Present,
AA,Alcoa,,,2016-01-01,AA spins off ARNC
AAL,American Airlines Group,,2015-01-01,2024-01-01,Market capitalization change.[29]
AAP,Advance Auto Parts,,2015-01-01,2023-01-01,S&P 500 and S&P 100 constituent Johnson & Johnson offered to exchange the shares of Kenvue held for shares of Johnson & Johnson in a split-off exchange offer.[38]
AAPL,Apple Inc.,Information Technology,1982-11-30,Present,
ABBV,AbbVie,Health Care,2013-01-01,Present,
ABK,Ambac Financial,,2000-01-01,2008-01-01,Market Value Decline[261]
ABMD,Abiomed,,2018-01-01,2022-01-01,S&P 500 constituent Johnson & Johnson acquired Abiomed.[45]
ABNB,Airbnb,Consumer Discretionary,2023-09-18,Present,
ABS,Albertsons,,,2006-01-01,Albertsons acquired by SuperValu and CVS Corp.[269]
ABT,Abbott Laboratories,Health Care,1957-03-04,Present,
ACAS,American Capital,,,2009-01-01,Capitalization rebalance.[255]
ACE,Chubb,,,2016-01-01,"EXR replaces ACE as ACE Ltd acquires Chubb and retains the CB ticker, giving up ACE[157]"
ACGL,Arch Capital Group,Financials,2022-11-01,Present,
ACN,Accenture,Information Technology,2011-07-06,Present,
ACT,Actavis,,1999-01-01,,Unknown missing removal
ADBE,Adobe Inc.,Information Technology,1997-05-05,Present,
ADCT,ADC Telecommunications,,,2007-01-01,Discover Financial Services debuts on New York Stock Exchange.[266]
ADI,Analog Devices,Information Technology,1999-10-12,Present,
ADM,Archer Daniels Midland,Consumer Staples,1957-03-04,Present,
ADP,Automatic Data Processing,Industrials,1981-03-31,Present,
ADS,Alliance Data Systems,,2013-01-01,2020-01-01,Market capitalization change.[72]
ADSK,Autodesk,Information Technology,1989-12-01,Present,
ADT,ADT,,2012-01-01,2016-01-01,ADT acquired by APO[147]
AEE,Ameren,Utilities,1991-09-19,Present,
AEP,American Electric Power,Utilities,1957-03-04,Present,
AES,AES Corporation,Utilities,1998-10-02,Present,
AET,Aetna,,,2018-01-01,CVS acquired Aetna[100]
AFL,Aflac,Financials,1999-05-28,Present,
AGN,Allergan,,,2015-01-01,Allergan acquired by Actavis (and changed name to Allergan).[176]
AGN,Allergan,,,2020-01-01,Allergan acquired by AbbVie.[74]
AIG,American International Group,Financials,1980-03-31,Present,
AIV,Apartment Investment & Management,,,2020-01-01,Apartment Investment and Management (Aimco) spun off Apartment Income REIT.[68]
AIZ,Assurant,Financials,2007-04-10,Present,
AJG,Arthur J. Gallagher & Co.,Financials,2016-05-31,Present,
AKAM,Akamai Technologies,Information Technology,2007-07-12,Present,
AKS,AK Steel,,2008-01-01,2011-01-01,Market capitalization changes[228]
ALB,Albemarle Corporation,Materials,2016-07-01,Present,
ALGN,Align Technology,Health Care,2017-06-19,Present,
ALK,Alaska Air Group,,2016-01-01,2023-01-01,Market capitalization change.[34]
ALL,Allstate,Financials,1995-07-13,Present,
ALLE,Allegion,Industrials,2013-12-02,Present,
ALTR,Altera,,,2015-01-01,ALTR taken over by INTC[159]
ALXN,Alexion Pharmaceuticals,,2012-01-01,2021-01-01,AstraZeneca acquired Alexion Pharmaceuticals.[61]
AMAT,Applied Materials,Information Technology,1995-03-16,Present,
AMCR,Amcor,Materials,2019-06-07,Present,
AMD,Advanced Micro Devices,Information Technology,,2013-01-01,Market capitalization change.[200]
AMD,Advanced Micro Devices,Information Technology,2017-03-20,Present,
AME,Ametek,Industrials,2013-09-23,Present,
AMG,Affiliated Managers Group,,2014-01-01,2019-01-01,Market capitalization change.[80]
AMGN,Amgen,Health Care,1992-01-02,Present,
AMP,Ameriprise Financial,Financials,2005-10-03,Present,
AMT,American Tower,Real Estate,2007-11-19,Present,
AMTM,Amentum,,,2024-01-01,Market capitalization change.[25]
AMTM,Amentum,,2024-01-01,,Unknown missing removal
AMZN,Amazon,Consumer Discretionary,2005-11-18,Present,
AN,Amoco,,,1998-01-01,BP purchased Amoco.[276]
AN,AutoNation,,,2017-01-01,"BHF replaced AN,[120] MET spun off BHF[120]"
ANDV,Andeavor,,,2018-01-01,ANDV acquired by Marathon Petroleum.[104]
ANET,Arista Networks,Information Technology,2018-08-28,Present,
ANF,Abercrombie & Fitch,,,2013-01-01,Market capitalization changes.[195]
ANR,Alpha Natural Resources,,2011-01-01,2012-01-01,Kraft split into two companies[215]
ANSS,Ansys,,2017-01-01,2025-01-01,S&P 500 constituent Synopsys Inc. acquired Ansys.[21]
AON,Aon plc,Financials,1996-04-23,Present,
AOS,A. O. Smith,Industrials,2017-07-26,Present,
APA,APA Corporation,Energy,1997-07-28,Present,
APC,Anadarko Petroleum,,,2019-01-01,S&P 500 & 100 constituent Occidental Petroleum Corp. (NYSE:OXY) acquired Anadarko Petroleum.[87]
APD,Air Products,Materials,1985-04-30,Present,
APH,Amphenol,Information Technology,2008-09-30,Present,
APO,Apollo Global Management,Financials,2024-12-23,Present,
APOL,Apollo Education Group,,,2013-01-01,Apollo Group's market cap more representative of a mid-cap[203]
APP,AppLovin,Information Technology,2025-09-22,Present,
APTV,Aptiv,Consumer Discretionary,2012-12-24,Present,
ARE,Alexandria Real Estate Equities,Real Estate,2017-03-20,Present,
ARES,Ares Management,Financials,2025-12-11,Present,
ARG,Airgas,,2009-01-01,2016-01-01,ARG acquired by Air Liquide[144]
ARNC,Arconic,,2016-01-01,2020-01-01,Arconic separated into 2 companies - Howmet remained on the index.[76]
ATI,Allegheny Technologies,,,2015-01-01,Spin off of Columbia Pipeline.[171]
ATO,Atmos Energy,Utilities,2019-02-15,Present,
ATVI,Activision Blizzard,,2015-01-01,2023-01-01,S&P 500 and S&P 100 constituent Microsoft acquired Activision Blizzard.[35]
AV,Avaya,,,2007-01-01,Taken private[263]
AVB,AvalonBay Communities,Real Estate,2007-01-10,Present,
AVGO,Broadcom,Information Technology,2014-05-08,Present,
AVP,Avon Products,,,2015-01-01,Market Capitalization Changes.
AVY,Avery Dennison,Materials,1987-12-31,Present,
AWK,American Water Works,Utilities,2016-03-04,Present,
AXON,Axon Enterprise,Industrials,2023-05-04,Present,
AXP,American Express,Financials,1976-06-30,Present,
AYE,Allegheny Energy,,,1976-01-01,"Major restructuring of S&P 500 to have fewer industrials and utilities, and more financial companies to add ""new strength and breadth""[279]"
AYE,Allegheny Energy,,2000-01-01,2011-01-01,Acquired by First Energy (FE).[241]
AYI,Acuity Brands,,2016-01-01,2018-01-01,Market capitalization change.[109]
AZO,AutoZone,Consumer Discretionary,1997-01-02,Present,
BA,Boeing,Industrials,1957-03-04,Present,
BAC,Bank of America,Financials,1976-06-30,Present,
BALL,Ball Corporation,Materials,1984-10-31,Present,
BAX,Baxter International,Health Care,1972-09-30,Present,
BBBY,Bed Bath & Beyond,,,2017-01-01,Market capitalization change.[121]
BBWI,"Bath & Body Works, Inc.",,,2024-01-01,Market capitalization change.[28]
BBY,Best Buy,Consumer Discretionary,1999-06-29,Present,
BC,Brunswick,,,2008-01-01,Market capitalization change.[260]
BCR,CR Bard,,,2018-01-01,Becton Dickinson acquired BCR.[116]
BDX,Becton Dickinson,Health Care,1972-09-30,Present,
BEAM,Suntory Global Spirits,,,2014-01-01,Beam acquired by Suntory[190]
BEN,Franklin Resources,Financials,1998-04-30,Present,
BF.B,Brown–Forman,Consumer Staples,1982-10-31,Present,
BG,Bunge Global,Consumer Staples,2023-03-15,Present,
BHF,Brighthouse Financial,,2017-01-01,2019-01-01,DOW spun off from DWDP[93]
BHI,Baker Hughes,,,2017-01-01,Baker Hughes merged with GE Oil & Gas to form new company.[122]
BIG,Big Lots,,,2013-01-01,Market capitalization changes[209]
BIIB,Biogen,Health Care,2003-11-13,Present,
BIO,Bio-Rad Laboratories,,2020-01-01,2024-01-01,Market capitalization change.[29]
BJS,BJ Services,,,2010-01-01,Acquired by Baker Hughes[249]
BKNG,Booking Holdings,Consumer Discretionary,2009-11-06,Present,
BKR,Baker Hughes,Energy,2017-07-07,Present,
BLDR,Builders FirstSource,Industrials,2023-12-18,Present,
BLK,BlackRock,Financials,2011-04-04,Present,
BMC,BMC Software,,,2013-01-01,BMC taken private by consortium[201]
BMS,Bemis Company,,,2014-01-01,Market cap changes[181]
BMS,Bemis,,,2019-01-01,BMS changed to AMCR post merger with Amcor;[90] subsequently renamed to Amcor[91]
BMS,Bemis,,2019-01-01,,Unknown missing removal
BMY,Bristol Myers Squibb,Health Care,1957-03-04,Present,
BNY,BNY Mellon,Financials,1995-03-31,Present,
BR,Broadridge Financial Solutions,Industrials,2018-06-18,Present,
BRCM,Broadcom Corporation,,,2016-01-01,FRT replaces BRCM[156]
BRK.B,Berkshire Hathaway,Financials,2010-02-16,Present,
BRO,Brown & Brown,Financials,2021-09-20,Present,
BS,Bethlehem Steel,,,2000-01-01,Market Cap changes.[271]
BSX,Boston Scientific,Health Care,1995-02-24,Present,
BTU,Peabody Energy,,,2014-01-01,Market cap changes[183]
BUD,Anheuser Busch,,1976-01-01,,Unknown missing removal
BWA,BorgWarner,,2011-01-01,2025-01-01,Market capitalization change.[24]
BX,Blackstone Inc.,Financials,2023-09-18,Present,
BXLT,Baxalta,,2015-01-01,2016-01-01,SHPG acquiring BXLT[142]
BXP,"BXP, Inc.",Real Estate,2006-04-03,Present,
C,Citigroup,Financials,1988-05-31,Present,
CA,CA Technologies,,,2018-01-01,CA acquired by Broadcom.[102]
CAG,Conagra Brands,Consumer Staples,1983-08-31,Present,
CAH,Cardinal Health,Health Care,1997-05-27,Present,
CAM,Cameron International,,,2016-01-01,Schlumberger acquired Cameron[150]
CARR,Carrier Global,Industrials,2020-04-03,Present,
CASY,Casey's,Consumer Staples,2026-04-09,Present,
CAT,Caterpillar Inc.,Industrials,1957-03-04,Present,
CB,Chubb Limited,Financials,2010-07-15,Present,
CBE,Cooper Industries,,,2009-01-01,Redomesticated to Ireland[251]
CBE,Cooper Industries,,2011-01-01,2012-01-01,Acquired by Eaton Corp. (ETN)[213]
CBOE,Cboe Global Markets,Financials,2017-03-01,Present,
CBRE,CBRE Group,Real Estate,2006-11-10,Present,
CCE,Coca-Cola Enterprises,,,2016-01-01,CCE merging with European bottlers[143]
CCI,Crown Castle,Real Estate,2012-03-14,Present,
CCK,Crown Holdings,,,2000-01-01,Market Cap changes.
CCL,Carnival Corporation,Consumer Discretionary,1998-12-22,Present,
CCR,Countrywide Credit Industries,,1997-01-01,,Unknown missing removal
CDAY,Ceridian,,2021-01-01,,Unknown missing removal
CDNS,Cadence Design Systems,Information Technology,2017-09-18,Present,
CDW,CDW Corporation,Information Technology,2019-09-23,Present,
CE,Celanese,,2018-01-01,2025-01-01,Market capitalization change.[24]
CEG,Constellation Energy Group,Utilities,,2012-01-01,Acquired by Exelon Corp. (EXC)[225]
CEG,Constellation Energy,Utilities,2022-02-02,Present,
CELG,Celgene,,,2019-01-01,Bristol-Myers Squibb (NYSE:BMY) acquired Celgene.[83]
CEPH,Cephalon,,,2011-01-01,Acquired by Teva Pharmaceutical Industries (TEVA).[232]
CERN,Cerner,,2010-01-01,2022-01-01,S&P 500 constituent Oracle Corp. acquired Cerner.[51]
CF,CF Industries,Materials,2008-08-27,Present,
CFC,Countrywide Financial Corp,,,2008-01-01,Ak Steel replaced Countrywide Financial.[259]
CFG,Citizens Financial Group,Financials,2016-01-29,Present,
CFN,Carefusion,,,2015-01-01,Carefusion acquired by Becton Dickinson[177]
CHD,Church & Dwight,Consumer Staples,2015-12-29,Present,
CHK,Chesapeake Energy,,,2018-01-01,Market capitalization change.[114]
CHRW,C.H. Robinson,Industrials,2007-03-02,Present,
CHTR,Charter Communications,Communication Services,2016-09-08,Present,
CI,Cigna,Health Care,1976-06-30,Present,
CIEN,Ciena,Information Technology,,2009-01-01,Market capitalization change.[citation needed]
CIEN,Ciena,Information Technology,2026-02-09,Present,
CINF,Cincinnati Financial,Financials,1997-12-18,Present,
CL,Colgate-Palmolive,Consumer Staples,1957-03-04,Present,
CLF,Cliffs Natural Resources,,2009-01-01,2014-01-01,Market capitalization changes[192]
CLX,Clorox,Consumer Staples,1969-03-31,Present,
CMA,Comerica,,,2024-01-01,Market capitalization change.[30]
CMCSA,Comcast,Communication Services,2002-11-19,Present,
CMCSK,Comcast K Corp,,,2015-01-01,CMCSK shares no longer listed[160]
CMCSK,Comcast Class K Special,,2015-01-01,,Unknown missing removal
CME,CME Group,Financials,2006-08-11,Present,
CMG,Chipotle Mexican Grill,Consumer Discretionary,2011-04-28,Present,
CMI,Cummins,Industrials,1965-03-31,Present,
CMS,CMS Energy,Utilities,1957-03-04,Present,
CNC,Centene Corporation,Health Care,2016-03-30,Present,
CNP,CenterPoint Energy,Utilities,1985-07-31,Present,
CNX,Consol Energy,,,2016-01-01,AWK replaces CNX[153]
COF,Capital One,Financials,1998-07-01,Present,
COG,Cabot Oil & Gas,,2008-01-01,,Unknown missing removal
COHR,Coherent Corp.,Information Technology,2026-03-23,Present,
COIN,Coinbase,Financials,2025-05-19,Present,
COL,Rockwell Collins,,,2018-01-01,UTX acquired COL[100]
COO,Cooper Companies (The),Health Care,2016-09-23,Present,
COP,ConocoPhillips,Energy,1957-03-04,Present,
COR,Cencora,Health Care,2001-08-30,Present,
COST,Costco,Consumer Staples,1993-10-01,Present,
COTY,Coty,,2016-01-01,2020-01-01,Market capitalization change.[71]
COV,Covidien,,,2009-01-01,"Covidien moved its place of incorporation to Ireland, making it ineligible for inclusion in the index.[254]"
COV,Covidien,,2011-01-01,2015-01-01,Covidien acquired by Medtronic[180]
CPAY,Corpay,Financials,2018-06-20,Present,
CPB,Campbell's Company (The),Consumer Staples,1957-03-04,2026-01-01,Market capitalization change.[6]
CPB,Campbell's Company (The),Consumer Staples,1957-03-04,Present,
CPGX,Columbia Pipeline Group,,2015-01-01,2016-01-01,CPGX acquired by TRP[139]
CPRI,Capri Holdings,,,2020-01-01,Market capitalization change.[74]
CPRT,Copart,Industrials,2018-07-02,Present,
CPT,Camden Property Trust,Real Estate,2022-04-04,Present,
CPWR,Compuware,,1998-01-01,2011-01-01,Market capitalization changes[226]
CRH,CRH plc,Materials,2025-12-22,Present,
CRL,Charles River Laboratories,Health Care,2021-05-14,Present,
CRM,Salesforce,Information Technology,2008-09-15,Present,
CRWD,CrowdStrike,Information Technology,2024-06-24,Present,
CSC,Computer Sciences Corporation,,,2015-01-01,CSC spins off CSRA[161]
CSCO,Cisco,Information Technology,1993-12-01,Present,
CSGP,CoStar Group,Real Estate,2022-09-19,Present,
CSRA,CSRA,,2015-01-01,2018-01-01,S&P 500 constituent General Dynamics (NYSE: GD) acquired CSRA.[113]
CSX,CSX Corporation,Industrials,1957-03-04,Present,
CTAS,Cintas,Industrials,2001-03-01,Present,
CTLT,Catalent,,2020-01-01,2024-01-01,Novo Holdings A/S acquired Catalent.[26]
CTRA,Coterra Energy,,,2026-01-01,S&P 500 constituent Devon Energy Corp. acquired Coterra Energy. [8][9]
CTSH,Cognizant,Information Technology,2006-11-17,Present,
CTVA,Corteva,Materials,2019-06-03,Present,
CTX,Centex Corp.,,,2009-01-01,Centex acquired by Pulte Homes.[252]
CTXS,Citrix Systems,,,2022-01-01,Vista Equity Partners acquired Citrix Systems.[49]
CVC,Cablevision,,2010-01-01,2016-01-01,CVC acquired by Altice NV[141]
CVG,Convergys,,2000-01-01,2009-01-01,Market capitalization change.[citation needed]
CVH,Coventry Health Care,,,2013-01-01,Acquired by Aetna (AET)[207]
CVNA,Carvana,Consumer Discretionary,2025-12-22,Present,
CVS,CVS Health,Health Care,1957-03-04,Present,
CVX,Chevron Corporation,Energy,1957-03-04,Present,
CXO,Concho Resources,,2016-01-01,2021-01-01,S&P 500/100 constituent ConocoPhillips acquired Concho Resources.[66]
CZR,Caesars Entertainment,,2021-01-01,2025-01-01,Market capitalization change.[18]
D,Dominion Energy,Utilities,2016-11-30,Present,
DAL,Delta Air Lines,Industrials,2013-09-11,Present,
DASH,DoorDash,Consumer Discretionary,2025-03-24,Present,
DAY,Dayforce,,,2026-01-01,Thoma Bravo L.P. acquired Dayforce.[12]
DD,DuPont,Materials,,2017-01-01,The Dow Chemical Company acquired DuPont.[119]
DD,DuPont,Materials,2019-06-03,Present,
DDOG,Datadog,Information Technology,2025-07-09,Present,
DE,Deere & Company,Industrials,1957-03-04,Present,
DECK,Deckers Brands,Consumer Discretionary,2024-03-18,Present,
DELL,Dell,Information Technology,,2013-01-01,Founder Michael Dell and Silver Lake Partners acquired Dell.[199]
DELL,Dell Technologies,Information Technology,2024-09-23,Present,
DF,Dean Foods,,,2013-01-01,DF too small after spinoff of White Wave Foods[206]
DFS,Discover Financial,,2007-01-01,2025-01-01,S&P 500 constituent Capital One Financial Corp. acquired Discover Financial Services.[23]
DG,Dollar General,Consumer Staples,2012-12-03,Present,
DGX,Quest Diagnostics,Health Care,2002-12-12,Present,
DHI,D. R. Horton,Consumer Discretionary,2005-06-22,Present,
DHR,Danaher Corporation,Health Care,1998-11-18,Present,
DIS,Walt Disney Company (The),Communication Services,1976-06-30,Present,
DISCA,"Discovery, Inc.",,,2022-01-01,WarnerMedia and Discovery merge to create Warner Bros. Discovery.[52]
DISCK,Discovery Communications,,2014-01-01,2022-01-01,WarnerMedia and Discovery merge to create Warner Bros. Discovery.[52]
DISH,Dish Network,,2017-01-01,2023-01-01,Market capitalization change.[39]
DJ,Dow Jones,,,2007-01-01,Acquired by News Corporation
DLPH,Delphi Automotive,,2012-01-01,,Unknown missing removal
DLR,Digital Realty,Real Estate,2016-05-18,Present,
DLTR,Dollar Tree,Consumer Staples,2011-12-19,Present,
DNB,Dun & Bradstreet,,,2017-01-01,IT acquiring CEB[126]
DNR,Denbury Resources,,,2015-01-01,Market Capitalization Changes.[177]
DO,Diamond Offshore Drilling,,,2016-01-01,COTY replaces DO[135]
DOC,Healthpeak Properties,Real Estate,2008-03-31,Present,
DOV,Dover Corporation,Industrials,1985-10-31,Present,
DOW,Dow Chemical Company,Materials,,2017-01-01,The Dow Chemical Company renamed to DowDuPont Inc. and ticker changed from DOW to DWDP after acquiring DuPont.[119]
DOW,Dow Inc.,Materials,2019-04-01,Present,
DPS,Dr Pepper Snapple Group,,,2018-01-01,DPS acquired by Keurig Green Mountain.[107]
DPZ,Domino's,Consumer Discretionary,2020-05-12,Present,
DRE,Duke Realty Corp,,2017-01-01,2022-01-01,S&P 500 constituent Prologis Inc. acquired Duke Realty.[49]
DRI,Darden Restaurants,Consumer Discretionary,1995-05-31,Present,
DTE,DTE Energy,Utilities,1957-03-04,Present,
DTV,DirecTV,,,2015-01-01,DirecTV acquired by AT&T.[167]
DUK,Duke Energy,Utilities,1976-06-30,Present,
DV,DeVry,,,2012-01-01,Tyco spin-off merged w/Pentair
DVA,DaVita,Health Care,2008-07-31,Present,
DVN,Devon Energy,Energy,2000-08-30,Present,
DWDP,DuPont,,2017-01-01,2019-01-01,DWDP changed to DD after spinning off Corteva.[92]
DXC,DXC Technology,,2017-01-01,2023-01-01,Market capitalization change.[36]
DXCM,Dexcom,Health Care,2020-05-12,Present,
DYN,Dynegy,,,2009-01-01,Market capitalization change.[citation needed]
EA,Electronic Arts,Communication Services,2002-07-22,Present,
EBAY,eBay Inc.,Consumer Discretionary,2002-07-22,Present,
ECL,Ecolab,Materials,1989-01-31,Present,
ED,Consolidated Edison,Utilities,1957-03-04,Present,
EFX,Equifax,Industrials,1997-06-19,Present,
EG,Everest Group,Financials,2017-06-19,Present,
EIX,Edison International,Utilities,1957-03-04,Present,
EK,Eastman Kodak,,,2010-01-01,Market Cap changes.[243]
EL,Estée Lauder Companies (The),Consumer Staples,2006-01-05,Present,
ELV,Elevance Health,Health Care,2002-07-25,Present,
EMC,EMC Corporation,,,2016-01-01,Dell acquires EMC[137]
EME,Emcor,Industrials,2025-09-22,Present,
EMN,Eastman Chemical Co.,,,2025-01-01,Market capitalization change.[17]
EMR,Emerson Electric,Industrials,1965-03-31,Present,
ENDP,Endo International,,2015-01-01,2017-01-01,REG acquires EQY[132]
ENPH,Enphase Energy,,2021-01-01,2025-01-01,Market capitalization change.[18]
EOG,EOG Resources,Energy,2000-11-02,Present,
EP,El Paso Corporation,,,2012-01-01,Acquired by Kinder Morgan (KMI)[222]
EPAM,EPAM Systems,,2021-01-01,2026-01-01,Market capitalization change.[7]
EQIX,Equinix,Real Estate,2015-03-20,Present,
EQR,Equity Residential,Real Estate,2001-12-03,Present,
EQT,EQT Corporation,Energy,,2018-01-01,EQT spun off ETRN[101]
EQT,EQT Corporation,Energy,2022-10-03,Present,
ERIE,Erie Indemnity,Financials,2024-09-23,Present,
ES,Eversource Energy,Utilities,2009-07-24,Present,
ESRX,Express Scripts,,2003-01-01,2018-01-01,S&P 500 constituent Cigna (NYSE: CI) acquired ESRX[99]
ESS,Essex Property Trust,Real Estate,2014-04-02,Present,
ESV,Ensco,,2012-01-01,2016-01-01,Centene acquired Health Net.[151]
ETFC,E-Trade,,,2020-01-01,Morgan Stanley acquired E*Trade.[70]
ETN,Eaton Corporation,Industrials,1957-03-04,Present,
ETR,Entergy,Utilities,1957-03-04,Present,
ETSY,Etsy,,2020-01-01,2024-01-01,Market capitalization change.[29]
EVHC,Envision Healthcare,,2016-01-01,2018-01-01,EVHC acquired by KKR.[103]
EVRG,Evergy,Utilities,2018-06-05,Present,
EW,Edwards Lifesciences,Health Care,2011-04-01,Present,
EXC,Exelon,Utilities,1957-03-04,Present,
EXE,Expand Energy,Energy,2025-03-24,Present,
EXPD,Expeditors International,Industrials,2007-10-10,Present,
EXPE,Expedia Group,Consumer Discretionary,2007-10-02,Present,
EXR,Extra Space Storage,Real Estate,2016-01-19,Present,
F,Ford Motor Company,Consumer Discretionary,1957-03-04,Present,
FANG,Diamondback Energy,Energy,2018-12-03,Present,
FAST,Fastenal,Industrials,2008-09-15,Present,
FB,Facebook,,2013-01-01,,Unknown missing removal
FBHS,Fortune Brands Home & Security,,2016-01-01,2022-01-01,Market capitalization change.[46]
FCX,Freeport-McMoRan,Materials,2011-07-01,Present,
FDC,First Data,,,2007-01-01,FDC acquired by KKR.[264]
FDO,Family Dollar,,,2015-01-01,Family Dollar acquired.[169]
FDS,FactSet,Financials,2021-12-20,Present,
FDX,FedEx,Industrials,1980-12-31,Present,
FDXF,FedEx Freight,Industrials,2026-06-01,Present,
FE,FirstEnergy,Utilities,1997-11-28,Present,
FFIV,"F5, Inc.",Information Technology,2010-12-20,Present,
FHN,First Horizon,,,2013-01-01,Zoetis spun off by Pfizer[204]
FICO,Fair Isaac,Information Technology,2023-03-20,Present,
FII,Federated Investors,,,2013-01-01,ABBV spun off from Abbott Labs (ABT)[210]
FIS,Fidelity National Information Services,Financials,2006-11-10,Present,
FISV,Fiserv,Financials,2001-04-02,Present,
FITB,Fifth Third Bancorp,Financials,1996-03-29,Present,
FIX,Comfort Systems USA,Industrials,2025-12-22,Present,
FL,Foot Locker,,2016-01-01,2019-01-01,Market capitalization change.[87]
FLEX,Flex,,2026-01-01,,Unknown missing removal
FLIR,FLIR Systems,,,2021-01-01,S&P 500 constituent Teledyne Technologies acquired FLIR Systems.[62]
FLR,Fluor Corporation,,,2019-01-01,CTVA spun off from DWDP (which then changed symbol to DD)[92]
FLS,Flowserve,,,2021-01-01,Market capitalization change.[64]
FLT,FleetCor Technologies,,2018-01-01,,Unknown missing removal
FMC,FMC Corporation,,2009-01-01,2025-01-01,Market capitalization change.[24]
FNM,Fannie Mae,,,2008-01-01,Capitalization rebalance.[258]
FOSL,Fossil,,2012-01-01,2016-01-01,WSH merges with TW (and renames to WLTW)[158]
FOX,Fox Corporation,Communication Services,2019-01-01,2019-01-01,21st Century Fox merged with Disney and some parts spun off as Fox Corporation.[94]
FOX,Fox Corporation (Class B),Communication Services,2019-03-19,Present,
FOXA,Fox Corporation,Communication Services,2019-01-01,2019-01-01,21st Century Fox merged with Disney and some parts spun off as Fox Corporation.[94]
FOXA,Fox Corporation (Class A),Communication Services,2019-03-19,Present,
FRC,First Republic Bank,,2019-01-01,2023-01-01,The Federal Deposit Insurance Corporation (FDIC) placed First Republic Bank into FDIC Receivership.[40]
FRE,Freddie Mac,,,2008-01-01,Capitalization rebalance.[258]
FRT,Federal Realty Investment Trust,Real Estate,2016-02-01,Present,
FRX,Forest Laboratories,,,2014-01-01,Actavis acquires Forest Laboratories[187]
FSLR,First Solar,Information Technology,,2017-01-01,Market capitalization change.[129]
FSLR,First Solar,Information Technology,2022-12-19,Present,
FSR,Firstar,,1998-01-01,,Unknown missing removal
FTI,FMC Technologies,,2009-01-01,2021-01-01,TechnipFMC was removed from the S&P 500 in anticipation of its announced spin-off of Technip Energies.[65]
FTNT,Fortinet,Information Technology,2018-10-11,Present,
FTR,Frontier Communications,,,2017-01-01,Market capitalization change.[129]
FTV,Fortive,Industrials,2016-07-01,Present,
GAS,AGL Resources,,,2016-01-01,GAS acquired by SO[140]
GAS,AGL Resources.,,2011-01-01,2011-01-01,"Nicor acquired by AGL, which retained the GAS ticker.[229]"
GD,General Dynamics,Industrials,1957-03-04,Present,
GDDY,GoDaddy,Information Technology,2024-06-24,Present,
GE,GE Aerospace,Industrials,1957-03-04,Present,
GEHC,GE HealthCare,Health Care,2023-01-04,Present,
GEN,Gen Digital,Information Technology,2003-03-25,Present,
GENZ,Genzyme,,,2011-01-01,Acquired by Sanofi Aventis (SNY)[238]
GEV,GE Vernova,Industrials,2024-04-02,Present,
GGP,General Growth Properties,,2013-01-01,2018-01-01,GGP acquired by Brookfield Property Partners.[106]
GHC,Graham Holdings,,,2014-01-01,Market cap changes
GILD,Gilead Sciences,Health Care,2004-07-01,Present,
GIS,General Mills,Consumer Staples,1957-03-04,Present,
GL,Globe Life,Financials,1989-04-30,Present,
GLK,Great Lakes Chemical,,,2005-01-01,Acquired by Crompton Corp.
GLW,Corning Inc.,Information Technology,1995-02-27,Present,
GM,General Motors,Consumer Discretionary,2013-06-06,Present,
GMCR,Keurig Green Mountain,,2014-01-01,2016-01-01,JAB Holding Company acquired Keurig Green Mountain[152]
GME,GameStop,,2007-01-01,2016-01-01,Global Payments is acquiring Heartland Payment Systems[148]
GNRC,Generac,Industrials,2021-03-22,Present,
GNW,Genworth Financial,,,2015-01-01,GE spinning off Synchrony Financial[163]
GOOG,Alphabet Inc. (Class C),Communication Services,2014-04-03,Present,
GOOGL,Google,Communication Services,2014-01-01,Present,
GPC,Genuine Parts Company,Consumer Discretionary,1973-12-31,Present,
GPN,Global Payments,Financials,2016-04-25,Present,
GPS,Gap,,,2022-01-01,Market capitalization change.[56]
GR,Goodrich Corporation,,,2012-01-01,Goodrich acquired by United Technologies (UTX).[217]
GRA,WR Grace,,,2000-01-01,Market Cap changes.
GRMN,Garmin,Consumer Discretionary,2012-12-12,Present,
GRN,General Re,,,1998-01-01,Berkshire Hathaway purchased General Re.[276]
GS,Goldman Sachs,Financials,2002-07-22,Present,
GT,The Goodyear Tire & Rubber Company,,,2019-01-01,WAB acquired GE transportation business[95]
GWW,W. W. Grainger,Industrials,1981-06-30,Present,
HAL,Halliburton,Energy,1957-03-04,Present,
HAR,Harman International,,,2017-01-01,Samsung Electronics acquired Harman International Industries.[130]
HAS,Hasbro,Consumer Discretionary,1984-09-30,Present,
HBAN,Huntington Bancshares,Financials,1997-08-28,Present,
HBI,Hanesbrands,,2015-01-01,2021-01-01,Market capitalization change.[57]
HCA,HCA Healthcare,Health Care,2015-01-27,Present,
HCBK,Hudson City Bancorp,,,2015-01-01,HPQ spins off HPE[164]
HD,Home Depot (The),Consumer Discretionary,1988-03-31,Present,
HES,Hess Corporation,,,2025-01-01,S&P 500 and S&P 100 constituent Chevron Corp. acquired Hess Corporation[20]
HFC,HollyFrontier,,2018-01-01,2021-01-01,Market capitalization change.[56]
HIG,Hartford (The),Financials,1957-03-04,Present,
HII,Huntington Ingalls Industries,Industrials,2018-01-03,Present,
HLT,Hilton Worldwide,Consumer Discretionary,2017-06-19,Present,
HNG,Houston Natural Gas,,,1976-01-01,"Major restructuring of S&P 500 to have fewer industrials and utilities, and more financial companies to add ""new strength and breadth""[279]"
HNZ,Heinz,,,2013-01-01,HNZ acquired by consortium[205]
HOG,Harley-Davidson,,,2020-01-01,Market capitalization change.[72]
HOLX,Hologic,,2016-01-01,2026-01-01,Blackstone Inc. and TPG Inc. acquired Hologic.[10]
HON,Honeywell,Industrials,1957-03-04,Present,
HOOD,Robinhood Markets,Financials,2025-09-22,Present,
HOT,Starwood,,,2016-01-01,MAR acquires HOT[136]
HP,Helmerich & Payne,,2010-01-01,2020-01-01,Market capitalization change.[73]
HPE,Hewlett Packard Enterprise,Information Technology,2015-11-02,Present,
HPH,Harnischfeger Industries,,,1999-01-01,Harnischfeger filed for bankruptcy.[275]
HPQ,HP Inc.,Information Technology,1974-12-31,Present,
HRB,H&R Block,,,2020-01-01,Market capitalization change.[71]
HRL,Hormel Foods,Consumer Staples,2009-03-04,Present,
HRS,Harris Corporation,,2008-01-01,,Unknown missing removal
HSIC,Henry Schein,Health Care,2015-03-17,Present,
HSP,Hospira,,,2015-01-01,Hospira taken over[166]
HST,Host Hotels & Resorts,Real Estate,2007-03-20,Present,
HSY,Hershey Company (The),Consumer Staples,1957-03-04,Present,
HUBB,Hubbell Incorporated,Industrials,2023-10-18,Present,
HUM,Humana,Health Care,2012-12-10,Present,
HWM,Howmet Aerospace,Industrials,2020-01-01,Present,
IBKR,Interactive Brokers,Financials,2025-08-28,Present,
IBM,IBM,Information Technology,1957-03-04,Present,
ICE,Intercontinental Exchange,Financials,2007-09-26,Present,
IDXX,Idexx Laboratories,Health Care,2017-01-05,Present,
IEX,IDEX Corporation,Industrials,2019-08-09,Present,
IFF,International Flavors & Fragrances,Materials,1976-03-31,Present,
IGT,International Game Technology,,,2014-01-01,Market capitalization changes[188]
ILMN,Illumina,,2015-01-01,2024-01-01,Market capitalization change.[30]
INCY,Incyte,Health Care,2017-02-28,Present,
INFO,IHS Markit,,2017-01-01,2022-01-01,S&P 500 constituent S&P Global Inc. acquired IHS Markit.[54]
INTC,Intel,Information Technology,1976-12-31,Present,
INTU,Intuit,Information Technology,2000-12-05,Present,
INVH,Invitation Homes,Real Estate,2022-09-19,Present,
IP,International Paper,Materials,1957-03-04,Present,
IPG,Interpublic Group,,,2025-01-01,S&P 500 constituent Omnicom Group Inc. acquired (The) Interpublic Group.[15][16]
IPGP,IPG Photonics,,2018-01-01,2022-01-01,Market capitalization change.[51]
IQV,IQVIA,Health Care,2017-08-29,Present,
IR,Ingersoll Rand,Industrials,2020-03-03,Present,
IRM,Iron Mountain,Real Estate,2009-01-06,Present,
ISRG,Intuitive Surgical,Health Care,2008-06-02,Present,
IT,Gartner,Information Technology,2017-04-05,Present,
ITT,ITT,,,2011-01-01,Spun off from ITT Corp.[231]
ITW,Illinois Tool Works,Industrials,1986-02-28,Present,
IVZ,Invesco,Financials,2008-08-21,Present,
J,Jacobs Solutions,Industrials,2007-10-26,Present,
JBHT,J.B. Hunt,Industrials,2015-07-01,Present,
JBL,Jabil Circuit,Information Technology,,2014-01-01,Market cap changes[182]
JBL,Jabil,Information Technology,2023-12-18,Present,
JCI,Johnson Controls,Industrials,2010-08-27,Present,
JCP,JCPenney,,,2013-01-01,Allegion spun off by Ingersoll Rand.[197]
JDSU,JDS Uniphase,,2000-01-01,2013-01-01,Market capitalization changes.[195]
JEC,Jacobs Engineering Group,,2007-01-01,,Unknown missing removal
JEF,Jefferies Financial Group,,,2019-01-01,JEF spun off SPB.[85]
JKHY,Jack Henry & Associates,Financials,2018-11-13,Present,
JNJ,Johnson & Johnson,Health Care,1973-06-30,Present,
JNPR,Juniper Networks,,2006-01-01,2025-01-01,S&P 500 constituent Hewlett Packard Enterprise Co. acquired Juniper Networks.[22]
JNS,Janus Capital Group,,,2011-01-01,Janus Capital Group's market capitalization is less than $1.2 billion  and is no longer representative of the large cap market space.[230]
JNY,Jones Apparel Group,,,2009-01-01,Capitalization rebalance.
JOY,Joy Global,,,2015-01-01,Market capitalization change.[165]
JOYG,Joy Global,,2011-01-01,,Unknown missing removal
JPM,JPMorgan Chase,Financials,1975-06-30,Present,
JWN,Nordstrom,,,2020-01-01,Market capitalization change.[72]
K,Kellanova,,,2025-01-01,Mars Inc. acquired Kellanova.[14]
KBH,KB Home,,,2009-01-01,Market capitalization change.[citation needed]
KDP,Keurig Dr Pepper,Consumer Staples,2022-06-21,Present,
KEY,KeyCorp,Financials,1994-03-01,Present,
KEYS,Keysight Technologies,Information Technology,2018-11-06,Present,
KFT,Kraft Foods,,2007-01-01,2012-01-01,Old Kraft Foods renamed Mondelez[216]
KG,King Pharmaceuticals,,,2010-01-01,Acquired by Pfizer.[243]
KHC,Kraft Heinz,Consumer Staples,2015-07-06,Present,
KIM,Kimco Realty,Real Estate,2006-04-04,Present,
KKR,KKR & Co.,Financials,2024-06-24,Present,
KLAC,KLA Corporation,Information Technology,1997-09-30,Present,
KMB,Kimberly-Clark,Consumer Staples,1957-03-04,Present,
KMI,Kinder Morgan,Energy,2012-05-25,Present,
KMX,CarMax,,2010-01-01,2025-01-01,Market capitalization change.[17]
KO,Coca-Cola Company (The),Consumer Staples,1957-03-04,Present,
KORS,Michael Kors,,2013-01-01,,Unknown missing removal
KR,Kroger,Consumer Staples,1957-03-04,Present,
KRFT,Kraft Foods,,2012-01-01,2015-01-01,Kraft merger with Heinz.[170]
KSE,KeySpan,,,2007-01-01,Acquired by National Grid plc[265]
KSS,Kohl's,,,2020-01-01,Market capitalization change.[71]
KSU,Kansas City Southern,,2013-01-01,2021-01-01,Canadian Pacific acquired Kansas City Southern.[58]
KVUE,Kenvue,Consumer Staples,2023-08-25,Present,
L,Loews Corporation,Financials,1995-05-31,Present,
LDOS,Leidos,Industrials,2019-08-09,Present,
LDW,Laidlaw,,,1999-01-01,Market capitalization change.[274]
LEG,Leggett & Platt,,,2021-01-01,Market capitalization change.[57]
LEH,Lehman Brothers,,,2008-01-01,Lehman Brothers filed for bankruptcy.[257]
LEN,Lennar,Consumer Discretionary,2005-10-04,Present,
LH,Labcorp,Health Care,2004-11-01,Present,
LHX,L3Harris,Industrials,2008-09-22,Present,
LIFE,Life Technologies,,,2014-01-01,Life Technologies acquired by Thermo Fisher Scientific Inc[194]
LII,Lennox International,Industrials,2024-12-23,Present,
LIN,Linde plc,Materials,1992-07-01,Present,
LITE,Lumentum,Information Technology,2026-03-23,Present,
LKQ,LKQ Corporation,,2016-01-01,2025-01-01,Market capitalization change.[13]
LLL,L3 Technologies,,,2019-01-01,L3 purchased by Harris Corporation[89]
LLTC,Linear Technology,,,2017-01-01,S&P 500 constituent Analog Devices (NASD:ADI) acquired Linear Technology.[131]
LLY,Lilly (Eli),Health Care,1970-12-31,Present,
LM,Legg Mason,,,2016-01-01,Market capitalization change.[134]
LMT,Lockheed Martin,Industrials,1957-03-04,Present,
LNC,Lincoln National Corporation,,,2023-01-01,Market capitalization change.[37]
LNT,Alliant Energy,Utilities,2016-07-01,Present,
LO,Lorillard Tobacco Company,,2008-01-01,2015-01-01,Lorillard gets acquired.[174]
LOW,Lowe's,Consumer Discretionary,1984-02-29,Present,
LRCX,Lam Research,Information Technology,2012-06-29,Present,
LSI,LSI Corporation,,,2014-01-01,Avago acquires LSI[189]
LUK,Leucadia National,,2007-01-01,,Unknown missing removal
LULU,Lululemon Athletica,Consumer Discretionary,2023-10-18,Present,
LUMN,Lumen Technologies,,,2023-01-01,Market capitalization change.[41]
LUV,Southwest Airlines,Industrials,1994-07-01,Present,
LVLT,Level 3 Communications,,2014-01-01,2017-01-01,CenturyLink acquired LVLT.[117]
LVS,Las Vegas Sands,Consumer Discretionary,2019-10-03,Present,
LW,Lamb Weston,,2018-01-01,2026-01-01,Market capitalization change.[11]
LXK,Lexmark,,,2012-01-01,Tyco spun off ADT
LYB,LyondellBasell,Materials,2012-09-05,Present,
LYV,Live Nation Entertainment,Communication Services,2019-12-23,Present,
M,Macy's,,,2020-01-01,Market capitalization change.[75]
MA,Mastercard,Financials,2008-07-18,Present,
MAA,Mid-America Apartment Communities,Real Estate,2016-12-02,Present,
MAC,Macerich,,2013-01-01,2019-01-01,Market capitalization change.[80]
MAR,Marriott International,Consumer Discretionary,1998-05-29,Present,
MAS,Masco,Industrials,1981-06-30,Present,
MAT,Mattel,,,2019-01-01,Pending merger of Bemis and Amcor; Bemis treated as the surviving entity.[91]
MBC,MasterBrand,,,2022-01-01,Market capitalization change.[46]
MBC,MasterBrand,,2022-01-01,,Unknown missing removal
MBI,MBIA,,,2009-01-01,Market capitalization change.[citation needed]
MCD,McDonald's,Consumer Discretionary,1970-06-30,Present,
MCHP,Microchip Technology,Information Technology,2007-09-07,Present,
MCK,McKesson,Health Care,,1994-01-01,McKesson sold PCS Health Services to Eli Lilly.[278]
MCK,McKesson Corporation,Health Care,1999-01-13,Present,
MCO,Moody's Corporation,Financials,1998-07-01,Present,
MDLZ,Mondelez International,Consumer Staples,2012-10-02,Present,
MDP,Meredith Corp,,,2011-01-01,S&P constituent Motorola spun off Motorola Mobility.[242]
MDT,Medtronic,Health Care,1986-10-31,Present,
MEE,Massey Energy,,2008-01-01,2011-01-01,Alpha Natural Resources acquired Massey Energy.[236]
MET,MetLife,Financials,2000-12-11,Present,
META,Meta Platforms,Communication Services,2013-12-23,Present,
MFE,McAfee,,,2011-01-01,Acquired by Intel[240]
MGM,MGM Resorts,Consumer Discretionary,2017-07-26,Present,
MHK,Mohawk Industries,,2013-01-01,2025-01-01,Market capitalization change.[13]
MHS,Medco Health Solutions,,,2012-01-01,Acquired by Express Scripts (ESRX)[224]
MI,Marshall & Ilsley,,,2011-01-01,Marshall & Iisley is being bought by Bank of Montreal[234]
MIL,Millipore,,,2010-01-01,Acquired by Merck KGaA (MKGAY)[246]
MJN,Mead Johnson Nutrition,,2009-01-01,2017-01-01,Reckitt Benckiser acquired Mead Johnson Nutrition.[124]
MKC,McCormick & Company,Consumer Staples,2003-03-20,Present,
MKTX,MarketAxess,,2019-01-01,2025-01-01,Market capitalization change.[18]
MLM,Martin Marietta Materials,Materials,2014-07-02,Present,
MMI,Motorola Mobility,,2011-01-01,2012-01-01,Acquired by Google (GOOG)[221]
MMM,3M,Industrials,1957-03-04,Present,
MNK,Mallinckrodt,,2014-01-01,2017-01-01,Market capitalization change.[121]
MNST,Monster Beverage,Consumer Staples,2012-06-28,Present,
MO,Altria,Consumer Staples,1957-03-04,Present,
MOH,Molina Healthcare,,2022-01-01,2026-01-01,Market capitalization change.[11]
MOLX,Molex,,,2013-01-01,MOLX acquired by Koch Industries.[196]
MON,Monsanto,,,2018-01-01,Bayer acquired Monsanto.[110]
MOS,Mosaic Company (The),Materials,2011-09-26,Present,
MPC,Marathon Petroleum,Energy,2011-07-01,Present,
MPWR,Monolithic Power Systems,Information Technology,2021-02-12,Present,
MRK,Merck & Co.,Health Care,1957-03-04,Present,
MRNA,Moderna,Health Care,2021-07-21,Present,
MRO,Marathon Oil,,,2024-01-01,S&P 500 & 100 constituent ConocoPhillips acquired Marathon Oil.[27]
MRSH,Marsh McLennan,Financials,1987-08-31,Present,
MRVL,Marvell Technology,,2026-01-01,,Unknown missing removal
MS,Morgan Stanley,Financials,1993-07-29,Present,
MSCI,MSCI Inc.,Financials,2018-04-04,Present,
MSFT,Microsoft,Information Technology,1994-06-01,Present,
MSI,Motorola Solutions,Information Technology,1957-03-04,Present,
MTB,M&T Bank,Financials,2004-02-23,Present,
MTCH,Match Group,,2021-01-01,2026-01-01,Market capitalization change.[11]
MTD,Mettler Toledo,Health Care,2016-09-06,Present,
MU,Micron Technology,Information Technology,1994-09-27,Present,
MUR,Murphy Oil,,,2017-01-01,Market capitalization change.[121]
MWW,Monster Worldwide,,,2011-01-01,Market capitalization changes
MXIM,Maxim Integrated Products,,,2007-01-01,MXIM delisted from NASDAQ exchange.[264]
MXIM,Maxim Integrated,,2018-01-01,2021-01-01,S&P 500 constituent Analog Devices acquired Maxim Integrated Products.[60]
NAVI,Navient,,2014-01-01,2018-01-01,Westar Energy (NYSE: WR) acquired Great Plains Energy (NYSE: GXP) and changed name to Evergy.[111]
NBL,Noble Energy,,,2020-01-01,Chevron acquired Noble Energy.[69]
NBR,Nabors Industries,,,2015-01-01,Market Capitalization Changes.
NCC,National City,,1994-01-01,,Unknown missing removal
NCLH,Norwegian Cruise Line Holdings,Consumer Discretionary,2017-10-13,Present,
NCR,NCR Corporation,,,2007-01-01,Teradata spun off by NCR Corporation.[264]
NDAQ,"Nasdaq, Inc.",Financials,2008-10-22,Present,
NDSN,Nordson Corporation,Industrials,2022-02-15,Present,
NE,Noble Corporation,,,2015-01-01,PayPal Spun off by eBay[168]
NEE,NextEra Energy,Utilities,1976-06-30,Present,
NEM,Newmont,Materials,1969-06-30,Present,
NFLX,Netflix,Communication Services,2010-12-20,Present,
NFX,Newfield Exploration,,2010-01-01,2019-01-01,ECA acquired NFX[96]
NI,NiSource,Utilities,2000-11-02,Present,
NKE,"Nike, Inc.",Consumer Discretionary,1988-11-30,Present,
NKTR,Nektar Therapeutics,,2018-01-01,2019-01-01,Market capitalization change.[84]
NLSN,Nielsen Holdings,,2013-01-01,2022-01-01,Elliot Management Corp acquired Nielsen Holdings.[48]
NOC,Northrop Grumman,Industrials,1957-03-04,Present,
NOV,Nov,,,2021-01-01,Market capitalization change.[59]
NOVL,Novell,,,2011-01-01,Acquired by private equity firms.[237]
NOW,ServiceNow,Information Technology,2019-11-21,Present,
NRG,NRG Energy,Utilities,2010-01-29,Present,
NSC,Norfolk Southern,Industrials,1957-03-04,Present,
NSM,National Semiconductor,,,2011-01-01,Acquired by Texas Instruments (TXN).[233]
NTAP,NetApp,Information Technology,1999-06-25,Present,
NTRS,Northern Trust,Financials,1998-01-30,Present,
NUE,Nucor,Materials,1985-04-30,Present,
NVDA,Nvidia,Information Technology,2001-11-30,Present,
NVLS,Novellus Systems,,,2012-01-01,Acquired by Lam Research (LRCX)[220]
NVR,"NVR, Inc.",Consumer Discretionary,2019-09-26,Present,
NWL,Newell Brands,,,2023-01-01,Market capitalization change.[37]
NWS,News Corp (Class B),Communication Services,2015-09-18,Present,
NWSA,News Corp (Class A),Communication Services,2013-08-01,Present,
NXPI,NXP Semiconductors,Information Technology,2021-03-22,Present,
NYT,The New York Times Company,,,2010-01-01,Market Cap changes.
NYX,NYSE Euronext,,,2013-01-01,ICE Exchange acquired NYSE Euronext.[198]
O,Realty Income,Real Estate,2015-04-07,Present,
ODFL,Old Dominion,Industrials,2019-12-09,Present,
ODP,Office Depot,,,2010-01-01,Market Cap changes.
OGN,Organon & Co.,,2021-01-01,2023-01-01,Market capitalization change.[35]
OI,Owens-Illinois,,,2000-01-01,Market Cap changes.
OI,Owens-Illinois,,2008-01-01,2016-01-01,Market capitalization change.[134]
OKE,Oneok,Energy,2010-03-15,Present,
OMC,Omnicom Group,Communication Services,1997-12-31,Present,
OMX,OfficeMax,,,2008-01-01,Market capitalization change.[260]
ON,ON Semiconductor,Information Technology,2022-06-21,Present,
ORCL,Oracle Corporation,Information Technology,1989-08-31,Present,
ORLY,O’Reilly Automotive,Consumer Discretionary,2009-03-27,Present,
OTIS,Otis Worldwide,Industrials,2020-04-03,Present,
OXY,Occidental Petroleum,Energy,1957-03-04,Present,
PANW,Palo Alto Networks,Information Technology,2023-06-20,Present,
PAYC,Paycom,,2020-01-01,2026-01-01,Market capitalization change.[11]
PAYX,Paychex,Industrials,1998-10-01,Present,
PBCT,People's United Financial,,,2022-01-01,S&P 500 constituent M&T Bank Corp. acquired People's United Financial.[53]
PBI,Pitney Bowes,,,2017-01-01,CBOE acquires BATS[132]
PCAR,Paccar,Industrials,1980-12-31,Present,
PCG,Pacific Gas & Electric Company,Utilities,,2019-01-01,PCG filed for bankruptcy[97]
PCG,PG&E Corporation,Utilities,2022-10-03,Present,
PCL,Plum Creek Timber,,,2016-01-01,PCL taken over by WY[154]
PCLN,Priceline.com,,2009-01-01,,Unknown missing removal
PCP,Precision Castparts Corporation,,,2016-01-01,CFG replaces PCP[155]
PCS,MetroPCS,,2009-01-01,2013-01-01,A majority of MetroPCS was acquired by T-Mobile[208]
PDCO,Patterson Companies,,,2018-01-01,Market capitalization change.[114]
PEG,Public Service Enterprise Group,Utilities,1957-03-04,Present,
PENN,Penn National Gaming,,2021-01-01,2022-01-01,Market capitalization change.[50]
PEP,PepsiCo,Consumer Staples,1957-03-04,Present,
PETM,PetSmart,,2012-01-01,2015-01-01,PetSmart acquired by private equity consortium[178]
PFE,Pfizer,Health Care,1957-03-04,Present,
PFG,Principal Financial Group,Financials,2002-07-22,Present,
PG,Procter & Gamble,Consumer Staples,1957-03-04,Present,
PGN,Progress Energy,,,2012-01-01,Acquired by Duke Energy (DUK)[218]
PGR,Progressive Corporation,Financials,1997-08-04,Present,
PH,Parker Hannifin,Industrials,1985-11-30,Present,
PHM,PulteGroup,Consumer Discretionary,1984-04-30,Present,
PKG,Packaging Corporation of America,Materials,2017-07-26,Present,
PLD,Prologis,Real Estate,2003-07-17,Present,
PLL,Pall Corporation,,,2015-01-01,Pall taken over[166]
PLTR,Palantir Technologies,Information Technology,2024-09-23,Present,
PM,Philip Morris International,Consumer Staples,2008-03-31,Present,
PNC,PNC Financial Services,Financials,1988-04-30,Present,
PNR,Pentair,Industrials,2012-10-01,Present,
PNW,Pinnacle West Capital,Utilities,1999-10-04,Present,
PODD,Insulet Corporation,Health Care,2023-03-15,Present,
POM,Pepco Holdings,,,2016-01-01,Exelon acquired Pepco.[151]
POOL,Pool Corporation,Consumer Discretionary,2020-10-07,2026-01-01,Market capitalization change.[6]
POOL,Pool Corporation,Consumer Discretionary,2020-10-07,Present,
PPG,PPG Industries,Materials,1957-03-04,Present,
PPL,PPL Corporation,Utilities,2001-10-01,Present,
PRGO,Perrigo,,2011-01-01,2021-01-01,Market capitalization change.[59]
PRU,Prudential Financial,Financials,2002-07-22,Present,
PSA,Public Storage,Real Estate,2005-08-19,Present,
PSKY,Paramount Skydance Corporation,Communication Services,1994-09-30,Present,
PSX,Phillips 66,Energy,2012-05-01,Present,
PTC,PTC Inc.,Information Technology,2021-04-20,Present,
PTV,Pactiv,,,2010-01-01,Reynolds Group Holdings acquired Pactiv.[244]
PVH,PVH,,2013-01-01,2022-01-01,Market capitalization change.[50]
PWR,Quanta Services,Industrials,2009-07-01,Present,
PXD,Pioneer Natural Resources,,,2024-01-01,S&P 500 and S&P 100 constituent ExxonMobil acquired Pioneer Natural Resources.[31]
PYPL,PayPal,Financials,2015-07-20,Present,
Q,Qwest Communications,Information Technology,,2011-01-01,Acquired by CenturyLink[239]
Q,Qnity Electronics,Information Technology,2025-11-03,Present,
QCOM,Qualcomm,Information Technology,1999-07-22,Present,
QEP,QEP Resources,,2010-01-01,2015-01-01,Baxalta spun off by Baxter.[173]
QRVO,Qorvo,,2015-01-01,2024-01-01,Market capitalization change.[25]
QTRN,Quintiles Transnational,,,2003-01-01,Taken private
R,Ryder System,,,2017-01-01,Market capitalization changes.[123]
RAD,Rite Aid,,,2000-01-01,Market Cap change.[272]
RAI,Reynolds American,,,2017-01-01,British American Tobacco (NYSE MKT:BTI) acquired Reynolds American.[121]
RCL,Royal Caribbean Group,Consumer Discretionary,2014-12-05,Present,
RDC,Rowan Companies,,,2014-01-01,Market cap changes[184]
RE,Everest Re,,2017-01-01,,Unknown missing removal
REG,Regency Centers,Real Estate,2017-03-02,Present,
REGN,Regeneron Pharmaceuticals,Health Care,2013-05-01,Present,
RF,Regions Financial Corporation,Financials,1998-08-28,Present,
RHI,Robert Half,,,2024-01-01,Market capitalization change.[30]
RHT,Red Hat,,,2019-01-01,S&P 500 & 100 constituent IBM acquired Red Hat.[88]
RIG,Transocean,,2013-01-01,2017-01-01,Market capitalization change.[121]
RJF,Raymond James Financial,Financials,2017-03-20,Present,
RL,Ralph Lauren Corporation,Consumer Discretionary,2007-02-02,Present,
RMD,ResMed,Health Care,2017-07-26,Present,
ROK,Rockwell Automation,Industrials,2000-03-12,Present,
ROL,"Rollins, Inc.",Industrials,2018-10-01,Present,
ROP,Roper Technologies,Information Technology,2009-12-23,Present,
ROST,Ross Stores,Consumer Discretionary,2009-12-21,Present,
RRC,Range Resources,,2007-01-01,2018-01-01,Market capitalization change.[109]
RRD,RR Donnelley,,,2012-01-01,Market capitalization changes[212]
RSG,Republic Services,Industrials,2008-12-05,Present,
RSH,RadioShack,,,2011-01-01,Market capitalization adjustments.[235]
RTN,Raytheon Company,,,2020-01-01,United Technologies spun off Otis and Carrier and acquired Raytheon Company.[75]
RTX,RTX Corporation,Industrials,1957-03-04,Present,
RVTY,Revvity,Health Care,1985-05-31,Present,
RX,IMS Health,,,2010-01-01,Taken private
S,Sprint Nextel,,,2013-01-01,Softbank consortium purchase results in public float below 50%[202]
SAI,SAIC,,2009-01-01,2013-01-01,Market capitalization change.[200]
SATS,EchoStar,Communication Services,2026-03-23,Present,
SBAC,SBA Communications,Real Estate,2017-09-01,Present,
SBL,Symbol Technologies,,2000-01-01,2007-01-01,Acquired by Motorola[268]
SBNY,Signature Bank,,2021-01-01,2023-01-01,The FDIC placed Signature Bank into FDIC Receivership.[42]
SBUX,Starbucks,Consumer Discretionary,2000-06-07,Present,
SCG,SCANA,,,2019-01-01,Dominion Energy acquired SCANA Corporation[98]
SCHW,Charles Schwab Corporation,Financials,1997-06-02,Present,
SE,Spectra Energy,,,2017-01-01,SE acquired by ENB[132]
SEDG,SolarEdge,,2021-01-01,2023-01-01,Market capitalization change.[34]
SEE,Sealed Air,,,2023-01-01,Market capitalization change.[34]
SGP,Schering-Plough,,,2009-01-01,Acquired by Merck & Co. (MRK)[250]
SHLD,Sears Holdings,,,2012-01-01,SHLD below public float threshold
SHW,Sherwin-Williams,Materials,1964-06-30,Present,
SIAL,Sigma-Aldrich,,,2015-01-01,Sigma-Aldrich acquired by Merck KGaA (MKGAY)[162]
SIG,Signet Jewelers,,2015-01-01,2018-01-01,Market capitalization change.[114]
SII,Smith International,,,2010-01-01,Acquired by Schlumberger (SLB)[245]
SIVB,SVB Financial Group,,2018-01-01,2023-01-01,"The FDIC placed SVB's main subsidiary, Silicon Valley Bank, into receivership.[43]"
SJM,J.M. Smucker Company (The),Consumer Staples,2008-11-06,Present,
SLB,Schlumberger,Energy,1957-03-04,Present,
SLE,Sara Lee Corporation,,,2012-01-01,Split up of Sara Lee[219]
SLG,SL Green Realty,,2015-01-01,2021-01-01,Market capitalization change.[64]
SLM,SLM Corporation,,,2014-01-01,Navient Spun off from SLM[190]
SLR,Solectron,,,2007-01-01,Solectron acquired by Flextronics.[264]
SMCI,Supermicro,Information Technology,2024-03-18,Present,
SMS,Shared Medical Systems,,,2000-01-01,Siemens AG acquired Shared Medical Systems.[273]
SNA,Snap-on,Industrials,1982-09-30,Present,
SNDK,SanDisk,Information Technology,,2016-01-01,SNDK acquired by WDC[146]
SNDK,Sandisk,Information Technology,2025-11-28,Present,
SNI,Scripps Networks Interactive,,,2018-01-01,Discovery Communications acquired SNI.[115]
SNPS,Synopsys,Information Technology,2017-03-16,Present,
SO,Southern Company,Utilities,1957-03-04,Present,
SOLS,Solstice Advanced Materials,,,2025-01-01,Market capitalization change.[13]
SOLS,Solstice Advanced Materials,,2025-01-01,,Unknown missing removal
SOLV,Solventum,Health Care,2024-04-01,Present,
SPG,Simon Property Group,Real Estate,2002-06-26,Present,
SPGI,S&P Global,Financials,1957-03-04,Present,
SPLS,Staples,,,2017-01-01,Sycamore Partners acquired Staples.[118]
SRCL,Stericycle,,,2018-01-01,Market Capitalization change[100]
SRE,Sempra,Utilities,2017-03-17,Present,
STE,Steris,Health Care,2019-12-23,Present,
STI,SunTrust Banks,,,2019-01-01,BB&T acquired SunTrust to form Truist Financial.[81]
STJ,St Jude Medical,,,2017-01-01,S&P 100 & 500 constituent Abbott Laboratories (NYSE:ABT) acquired St. Jude Medical.[133]
STLD,Steel Dynamics,Materials,2022-12-22,Present,
STR,Questar,,,2010-01-01,"Company split. QEP retained, but ticker changed.[247]"
STT,State Street Corporation,Financials,2003-03-14,Present,
STX,Seagate Technology,Information Technology,2012-07-02,Present,
STZ,Constellation Brands,Consumer Staples,2005-07-01,Present,
SUN,SunAmerica,,,1998-01-01,AIG purchased SunAmerica.[276]
SUN,Sunoco,,,2012-01-01,Acquired by Energy Transfer Partners (ETP)[214]
SVU,Supervalu,,,2012-01-01,ConocoPhillips spun off Phillips 66[223]
SW,Smurfit Westrock,Materials,2024-07-08,Present,
SWK,Stanley Black & Decker,Industrials,1982-09-30,Present,
SWKS,Skyworks Solutions,Information Technology,2015-03-12,Present,
SWN,Southwestern Energy,,,2017-01-01,"HPE spins off Everett, merged with CSC to form DXC[127][128]"
SWY,Safeway,,,2015-01-01,Safeway acquired by private equity consortium[179]
SYF,Synchrony Financial,Financials,2015-11-18,Present,
SYK,Stryker Corporation,Health Care,2000-12-12,Present,
SYY,Sysco,Consumer Staples,1986-12-31,Present,
T,AT&T,Communication Services,1983-11-30,2005-01-01,AT&T Corp. acquired by SBC Communications[270]
T,AT&T,Communication Services,1983-11-30,Present,
TAP,Molson Coors Beverage Company,Consumer Staples,1976-06-30,Present,
TDC,Teradata,,2007-01-01,2017-01-01,Market capitalization changes.[123]
TDG,TransDigm Group,Industrials,2016-06-03,Present,
TDY,Teledyne Technologies,Information Technology,2020-06-22,Present,
TE,TECO Energy,,,2016-01-01,TE acquired by EMA[139]
TECH,Bio-Techne,Health Care,2021-08-30,Present,
TEG,Integrys Energy Group,,,2015-01-01,Integrys taken over.[172]
TEL,TE Connectivity,Information Technology,,2009-01-01,"Tyco Electronics left the index because it was reincorporating in Switzerland, making it ineligible for inclusion.[253]"
TEL,TE Connectivity,Information Technology,2011-10-17,Present,
TER,Teradyne,Information Technology,,2013-01-01,Market capitalization changes.[195]
TER,Teradyne,Information Technology,2020-09-21,Present,
TFC,Truist Financial,Financials,1997-12-04,Present,
TFX,Teleflex,,2019-01-01,2025-01-01,Market capitalization change.[24]
TGNA,Tegna,,,2017-01-01,TGNA spins off Cars.com[125]
TGT,Target Corporation,Consumer Staples,1976-12-31,Present,
THC,Tenet Healthcare,,,2016-01-01,Ulta replaces Tenet[149]
TIE,Titanium Metals,,,2012-01-01,TIE acquired by Precision Cast Parts (PCP)[211]
TIF,Tiffany & Co,,,2021-01-01,LVMH Moet Hennessy-Louis Vuitton SE acquired Tiffany & Co.[67]
TJX,TJX Companies,Consumer Discretionary,1985-09-30,Present,
TKO,TKO Group Holdings,Communication Services,2025-03-24,Present,
TLAB,Tellabs,,,2011-01-01,Expedia spun off TripAdvisor.[227]
TMC,Times Mirror,,,2000-01-01,Tribune Co. acquired Times Mirror.[273]
TMO,Thermo Fisher Scientific,Health Care,2004-08-03,Present,
TMUS,T-Mobile US,Communication Services,2019-07-15,Present,
TPL,Texas Pacific Land Corporation,Energy,2024-11-26,Present,
TPR,"Tapestry, Inc.",Consumer Discretionary,2004-09-01,Present,
TRB,Tribune Media,,,2007-01-01,Taken private[262]
TRGP,Targa Resources,Energy,2022-10-12,Present,
TRIP,TripAdvisor,,2011-01-01,2019-01-01,Market capitalization change.[80]
TRMB,Trimble Inc.,Information Technology,2021-01-21,Present,
TROW,T. Rowe Price,Financials,2019-07-29,Present,
TRV,Travelers Companies (The),Financials,2002-08-21,Present,
TSCO,Tractor Supply,Consumer Discretionary,2014-01-24,Present,
TSG,Sabre Corporation,,,2007-01-01,Taken Private[267]
TSLA,"Tesla, Inc.",Consumer Discretionary,2020-12-21,Present,
TSN,Tyson Foods,Consumer Staples,2005-08-10,Present,
TSO,Tesoro Corporation,,2007-01-01,,Unknown missing removal
TSS,TSYS,,,2019-01-01,S&P 500 constituent Global Payments (NYSE: GPN) acquired TSS.[86]
TT,Trane Technologies,Industrials,2010-11-17,Present,
TTD,Trade Desk (The),Communication Services,2025-07-18,Present,
TTWO,Take-Two Interactive,Communication Services,2018-03-19,Present,
TWC,Time Warner Cable,,,2016-01-01,TWC acquired by CHTR[145]
TWTR,Twitter,,2018-01-01,2022-01-01,Elon Musk acquired Twitter.[47]
TWX,Time Warner,,,2018-01-01,AT&T acquired Time Warner.[108]
TXN,Texas Instruments,Information Technology,2001-03-12,Present,
TXT,Textron,Industrials,1978-12-31,Present,
TYC,Tyco International,,2010-01-01,2016-01-01,TYC acquires JCI (and retains JCI ticker).[138]
TYL,Tyler Technologies,Information Technology,2020-06-22,Present,
UA,Under Armour (Class C),,2016-01-01,2022-01-01,Market capitalization change.[51]
UAA,Under Armour (Class A),,,2022-01-01,Market capitalization change.[51]
UAL,United Airlines Holdings,Industrials,2015-09-03,Present,
UBER,Uber,Industrials,2023-12-18,Present,
UDR,"UDR, Inc.",Real Estate,2016-03-07,Present,
UHS,Universal Health Services,Health Care,2014-09-20,Present,
ULTA,Ulta Beauty,Consumer Discretionary,2016-04-18,Present,
UNH,UnitedHealth Group,Health Care,1994-07-01,Present,
UNM,Unum,,,2021-01-01,Market capitalization change.[59]
UNP,Union Pacific Corporation,Industrials,1957-03-04,Present,
UPS,United Parcel Service,Industrials,2002-07-22,Present,
URBN,Urban Outfitters,,,2017-01-01,Market capitalization change.[129]
URI,United Rentals,Industrials,2014-09-20,Present,
USB,U.S. Bancorp,Financials,1999-11-01,Present,
USL,USLife,,,1997-01-01,AIG acquired USLife.[277]
V,Visa Inc.,Financials,2009-12-21,Present,
VAR,Varian Medical Systems,,,2021-01-01,Siemens Healthineers acquired Varian Medical Systems.[63]
VEEV,Veeva Systems,Health Care,2026-05-07,Present,
VFC,VF Corporation,,,2024-01-01,Market capitalization change.[32]
VIAB,Viacom,,,2019-01-01,CBS acquired Viacom to form ViacomCBS.[82]
VICI,Vici Properties,Real Estate,2022-06-08,Present,
VLO,Valero Energy,Energy,2002-12-20,Present,
VLTO,Veralto,Industrials,2023-10-02,Present,
VMC,Vulcan Materials Company,Materials,1999-06-30,Present,
VNO,Vornado Realty Trust,,,2023-01-01,Market capitalization change.[44]
VNT,Vontier,,2020-01-01,2021-01-01,Market capitalization change.[64]
VRSK,Verisk Analytics,Industrials,2015-10-08,Present,
VRSN,Verisign,Information Technology,2006-02-01,Present,
VRT,Vertiv,Industrials,2026-03-23,Present,
VRTX,Vertex Pharmaceuticals,Health Care,2013-09-23,Present,
VST,Vistra Corp.,Utilities,2024-05-08,Present,
VTR,Ventas,Real Estate,2009-03-04,Present,
VTRS,Viatris,Health Care,2004-04-23,Present,
VZ,Verizon,Communication Services,1983-11-30,Present,
WAB,Wabtec,Industrials,2019-02-27,Present,
WAT,Waters Corporation,Health Care,2002-01-02,Present,
WB,Wachovia Bank,,,2008-01-01,Wachovia Bank acquired by Wells Fargo.[256]
WBA,Walgreens Boots Alliance,,,2025-01-01,Sycamore Partners acquired Walgreen Boots Alliance.[19]
WBD,Warner Bros. Discovery,Communication Services,2022-04-11,Present,
WCG,WellCare,,2018-01-01,2020-01-01,S&P 500 constituent Centene Corp. (NYSE: CNC) acquired Wellcare Health Plans.[79]
WDAY,"Workday, Inc.",Information Technology,2024-12-23,Present,
WDC,Western Digital,Information Technology,2009-07-01,Present,
WEC,WEC Energy Group,Utilities,2008-10-31,Present,
WELL,Welltower,Real Estate,2009-01-30,Present,
WFC,Wells Fargo,Financials,1976-06-30,Present,
WFM,Whole Foods Market,,,2017-01-01,Amazon acquired Whole Foods Market.[119]
WFR,MEMC Electronic Materials,,,2011-01-01,Market capitalization changes
WHR,Whirlpool Corporation,,,2024-01-01,Market capitalization change.[33]
WIN,Windstream Communications,,,2015-01-01,Market capitalization change.[175]
WLP,Wellpoint,,1999-01-01,,Unknown missing removal
WLTW,Willis Towers Watson,,2016-01-01,,Unknown missing removal
WM,Waste Management,Industrials,1998-08-31,Present,
WMB,Williams Companies,Energy,1975-03-31,Present,
WMT,Walmart,Consumer Staples,1982-08-31,Present,
WPX,WPX Energy,,2011-01-01,2014-01-01,Market capitalization changes[193]
WRB,W. R. Berkley Corporation,Financials,2019-12-05,Present,
WSM,"Williams-Sonoma, Inc.",Consumer Discretionary,2025-03-24,Present,
WST,West Pharmaceutical Services,Health Care,2020-05-22,Present,
WTW,Willis Towers Watson,Financials,2016-01-05,Present,
WU,Western Union,,,2021-01-01,Market capitalization change.[57]
WY,Weyerhaeuser,Real Estate,1979-10-01,Present,
WYN,Wyndham Worldwide,,,2018-01-01,Wyndham Worldwide spun off Wyndham Hotels & Resorts (NYSE:WH).[112]
WYNN,Wynn Resorts,Consumer Discretionary,2008-11-14,Present,
X,United States Steel,,,2014-01-01,Market capitalization changes[186]
XEC,Cimarex Energy,,2014-01-01,2020-01-01,"Gardner Denver acquired Ingersoll Rand's industrial businesses then changed its name to the ""new"" Ingersoll Rand Inc.[77][78]"
XEL,Xcel Energy,Utilities,1957-03-04,Present,
XL,XL Group,,,2018-01-01,XL acquired by Axa.[105]
XLNX,Xilinx,,,2022-01-01,S&P 500 constituent Advanced Micro Devices acquired Xilinx.[55]
XOM,ExxonMobil,Energy,1957-03-04,Present,
XRAY,Dentsply Sirona,,,2024-01-01,Market capitalization change.[32]
XRX,Xerox,,,2021-01-01,Market capitalization change.[64]
XTO,XTO Energy,,,2010-01-01,Acquired by ExxonMobil[248]
XYL,Xylem Inc.,Industrials,2011-11-01,Present,
XYZ,"Block, Inc.",Financials,2025-07-23,Present,
YHOO,Yahoo!,,1999-01-01,2017-01-01,VZ acquired YHOO operations; remainder of YHOO converted to closed-end company known as Altaba.[123]
YUM,Yum! Brands,Consumer Discretionary,1997-10-06,Present,
ZBH,Zimmer Biomet,Health Care,2001-08-07,Present,
ZBRA,Zebra Technologies,Information Technology,2019-12-23,Present,
ZION,Zions Bancorporation,,,2024-01-01,Market capitalization change.[33]
ZTS,Zoetis,Health Care,2013-06-21,Present,
